Unit,County,Plot,soil_depth,n_percent,c_percent,cn,pH,Fe_percent
U1,C19,P2500,0-5cm,0.068105961,1.083280696,15.9058133,4.41,0.220789605
U1,C19,P2500,5-10cm,0.175359587,3.158305423,18.01045196,3.93,0.209350394
U1,C19,P2537,0-5cm,0.118014943,2.474657056,20.96901454,3.76,0.191838741
U1,C19,P2537,5-10cm,0.049435617,0.716783398,14.49933153,3.89,0.178078223
U1,C19,P2629,0-5cm,0.134926356,2.86676963,21.24692103,3.96,0.189421618
U1,C19,P2629,5-10cm,0.066397764,1.285646328,19.36279563,3.97,0.140197044
U1,C19,P2869,0-5cm,0.230592539,2.987372512,12.95520024,4.66,0.182128906
U1,C19,P2869,5-10cm,0.110866374,1.335203232,12.04335619,4.2,0.179377432
U1,C19,P2893,0-5cm,0.123783124,2.068778469,16.71292822,4.4,0.201634615
U1,C19,P2893,5-10cm,0.060403122,0.702632489,11.63238702,4.03,0.1353918
U1,C19,P2923,0-5cm,0.116516795,1.981272603,17.00418037,3.92,0.251028404
U1,C19,P2923,5-10cm,0.082324299,0.985452976,11.97037803,3.92,0.245700246
U1,C143,P2352,0-5cm,0.188264571,2.269240309,12.05346443,4.29,0.288998035
U1,C143,P2352,5-10cm,0.087479086,0.864574494,9.883213597,4,0.310317848
U1,C143,P2355,0-5cm,0.108864629,2.171277992,19.94475172,3.84,0.210468815
U1,C143,P2355,5-10cm,0.044970072,0.545376105,12.12753467,3.97,0.140047962
U1,C143,P2398,0-5cm,0.069574497,0.69766437,10.02758764,4.12,0.373887531
U1,C143,P2398,5-10cm,0.154818737,2.486598733,16.06135529,3.82,0.228420547
U1,C175,P2597,0-5cm,0.207111445,3.016798144,14.56606199,4.53,0.173810692
U1,C175,P2597,5-10cm,0.069667883,0.848607045,12.18074974,4.06,0.165948376
U2,C37,P3204,0-5cm,0.1578579,2.060873733,13.05524609,4.39,0.14955045
U2,C37,P3204,5-10cm,0.069304566,0.785393166,11.33248799,4.14,0.144940476
U2,C37,P3239,0-5cm,0.148543521,2.567097416,17.2817865,6.35,0.202804642
U2,C37,P3239,5-10cm,0.064280129,0.912367154,14.19361124,5.72,0.236674817
U2,C125,P2970,0-5cm,0.137491875,1.622862109,11.80333101,4.5,0.194111969
U2,C125,P2970,5-10cm,0.075443334,0.811800252,10.76039737,4.21,0.238656682
U3,C55,P1591,0-5cm,0.359403179,11.03212252,30.69567318,6.64,0.70508023
U3,C55,P1591,5-10cm,0.086044245,1.497905225,17.40854637,5.59,0.536657271
U3,C55,P1601,0-5cm,0.187366193,2.537182622,13.54130426,4.22,0.561414721
U3,C55,P1601,5-10cm,0.146419609,1.782062235,12.1709261,3.98,0.520314757
U3,C153,P1619,0-5cm,0.428308459,12.20306456,28.49129946,6.2,0.858983536
U3,C153,P1619,5-10cm,0.231163326,8.963584212,38.7759788,7.06,1.276879194
U4,C25,P3409,0-5cm,0.142090259,3.386348915,23.83237904,4.75,0.301435716
U4,C25,P3409,5-10cm,0.061454567,0.934991146,15.21434775,4.05,0.286125888
U4,C61,P3381,0-5cm,0.146420968,1.788129994,12.21225358,5.66,0.17699829
U4,C61,P3381,5-10cm,0.082891738,0.867502654,10.46548996,5.22,0.163039208
U4,C61,P3500,0-5cm,0.338871632,4.897576108,14.45259987,4.7,0.167037779
U4,C61,P3667,0-5cm,0.08800581,1.883845285,21.4059194,4.56,0.099921279
U4,C61,P3667,5-10cm,0.035861464,0.65533441,18.27405625,4.15,0.078930263
U4,C61,P3682,0-5cm,0.250738723,3.555165616,14.17876573,5.35,0.263936117
U4,C61,P3682,5-10cm,0.10795439,1.272269305,11.78524846,4.56,0.253594526
U4,C61,P3705,0-5cm,0.13568287,1.877645,13.83848235,4.39,0.173184125
U4,C61,P3705,5-10cm,0.081760856,1.014206466,12.40454797,4.11,0.167490909
U4,C61,P3779,0-5cm,0.154397709,1.714600519,11.10509046,6.22,0.151822356
U4,C61,P3779,5-10cm,0.08094792,0.954411205,11.79043523,5.73,0.153858636
U5,C71,P1832,0-5cm,0.112447344,2.875561248,25.57251363,3.59,0.185862216
U5,C71,P1832,5-10cm,0.05714503,1.276869241,22.34436224,4.11,0.143842194
U5,C71,P1850,0-5cm,0.272881939,3.331665167,12.20918166,4.98,0.335556446
U5,C71,P1850,5-10cm,0.128581204,1.239866865,9.642675782,4.08,0.329361089
U5,C71,P1859,0-5cm,0.182015155,2.137413566,11.74305272,4.78,0.245294722
U5,C71,P1859,5-10cm,0.142857099,1.561695666,10.93187305,4.46,0.24776961
U5,C175,P1973,0-5cm,0.233618701,2.958378124,12.66327616,4.36,0.325005868
U5,C175,P1973,5-10cm,0.126161195,1.412061554,11.19251882,4.02,0.334420835
U5,C175,P3907,0-5cm,0.202976967,2.156464137,10.62418148,5.05,0.538510358
U5,C175,P3907,5-10cm,0.133474204,1.27226636,9.531926914,5.51,0.782381313
U6,C101,P1825,0-5cm,0.175105051,1.863411089,10.64167524,5.2,0.152446658
U6,C101,P1825,5-10cm,0.10750648,1.11737552,10.39356437,4.97,0.160613635
U6,C101,P1875,0-5cm,0.194822408,3.174063151,16.29208455,4.46,0.163782064
U6,C101,P1875,5-10cm,0.112111685,1.79348824,15.99733546,4.56,0.136625737
U7,C105,P473,0-5cm,0.200876269,2.688227858,13.38250593,4.75,0.485921822
U7,C105,P473,5-10cm,0.091397135,1.005122474,10.99730827,4.15,0.493071754
U7,C105,P522,0-5cm,0.186276499,4.662105005,25.0278754,4.09,0.204684287
U7,C105,P522,5-10cm,0.068686497,1.129265441,16.44086529,3.95,0.187311647
U7,C105,P554,0-5cm,0.247290698,3.008931893,12.16759026,3.88,0.25428326
U7,C105,P554,5-10cm,0.081560651,1.097643007,13.45799715,4.01,0.237609947
U7,C105,P672,0-5cm,0.107566572,2.40510981,22.35926804,3.65,0.23736271
U7,C105,P672,5-10cm,0.074429186,1.268331484,17.04078126,3.88,0.111005131
U7,C105,P717,0-5cm,0.303123308,3.689114662,12.17034312,5.5,0.409079722
U7,C105,P717,5-10cm,0.194678519,2.184142861,11.21922888,5.08,0.361311928
U8,C119,P98,0-5cm,0.303811016,3.47538608,11.43930239,5.12,0.234940872
U8,C119,P98,5-10cm,0.143589765,1.518753313,10.57703041,4.98,0.23653157
U9,C169,P1,0-5cm,0.328782152,3.631393903,11.04498489,5.47,0.399532925
U9,C169,P1,5-10cm,0.199406936,2.124557558,10.65438143,5.38,0.402499821
U9,C169,P13,0-5cm,0.384074697,5.633629661,14.66805729,6.31,0.40213342
U9,C169,P13,5-10cm,0.282051061,4.620445251,16.38159143,6.34,0.41764629
U11,C13,P1239,0-5cm,0.100463929,1.367065395,13.60752474,3.73,0.15291941
U11,C13,P1239,5-10cm,0.064388859,0.556106131,8.636682453,3.77,0.122143962
U11,C13,P1250,0-5cm,0.168587767,2.289431573,13.58005753,6.3,0.232734764
U11,C13,P1250,5-10cm,0.08141649,1.220720013,14.99352301,6.14,0.133873316
U11,C13,P1338,0-5cm,0.176649957,2.49725119,14.13672123,3.97,0.134471112
U11,C13,P1338,5-10cm,0.078708363,0.799166488,10.15351424,3.9,0.098217102
U11,C13,P1387,0-5cm,0.150187788,1.763141323,11.73957844,4.42,0.18652978
U11,C13,P1387,5-10cm,0.084086398,0.974348514,11.58746875,4.04,0.182815402
U11,C13,P856,0-5cm,0.15501217,2.07826378,13.40710074,3.91,0.191500925
U11,C13,P856,5-10cm,0.097234031,1.265257403,13.01249568,3.94,0.178644442